Timestamp,v,message,name,discordID

9/27/2022 12:58:03,Millie,"Hi Millie! Thank you for such a wonderful year of streams, it's been nothing but a pleasure and an inspiration see how hard you always work, both on stream, and for volunteer work etc. I hope you always remember how much of a positive force you are in so many lives, we love you!",Parfait Operational Guidebook,bluns tower defense 64 #2232
9/27/2022 13:00:18,Enna,"Happy 1 Year Enna! Thank you for providing us koalitea content as always (Ë˜ Ë˜ Ë˜)â™¡ Thank you for always making us smile, laugh and happy with your content. Let's walk on a flowery road together with Aloupeeps!  à¬ª(à¹‘â€¢á´—â€¢à¹‘)à¬“ â™¡",HibernatingMei,Mei#9260
9/27/2022 13:02:27,Enna,"Enner! Happy anniversary for Ethyriaaa~

This has been one eventful year hasn't it? You and we all have changed and grown so much in a year. 

You are so funny, your unhinged sense of humor is great and I love your beautiful voice. Keep up and thank you for being yourself~",Paku,Paku#5468
9/27/2022 13:04:08,Millie,Happy 1 year anniversary Millie! I am so happy I found you at random a year ago. You opened up me to Nijisanji and many friends I wouldnâ€™t have without you. You are my kami-oshi and I will support you as long as I can! Bless you Millie Parfait! ðŸ§¡,Zer0Pendragon6,Zer0Pendragon6#2206
9/27/2022 13:07:34,Enna,Happy 1 year anniversary Enna! I am so proud of you for making it to one year and the progress you made opening up and collabing! I am proud of you birthday buddy! I hope the next year will be just as amazing and looking forward to supporting you!ðŸ’™ðŸ’œ,Zer0Pendragon6,Zer0Pendragon6#2206
9/27/2022 13:08:41,Enna,"enna, youâ€™ve brightened my day so much over the time youâ€™ve spent with us. your personality and your humour are top tier. never change <3 ",rye,ryeryeðŸ•Š#9530
9/27/2022 13:15:11,Millie,"Milliee you're one of the funniest streamer I've ever seen and experienced! But even tho you emit gremlin energy, you also have a lovable side when you sing or do ASMRs. I love your two sides cuz I love you as a whole person. Kahanga-hanga ka Millie!",Paku,Paku#5468
9/27/2022 13:17:23,Nina,"Mommy hello! Hope you have a good day~

It's been a year, thanks for all the entertainment you've brought and thank you for being earnest and funny! The love you show to everyone, may be rewarded with even more love your way!

Happy Ethyria anniversary!!",Paku,Paku#5468
9/27/2022 13:21:08,Reimu,"Hello Reiboo

Been quite the year! Thank you for your hard work and thank you for everything we (you & Phantomos) went through together! It was a fun ride, and we're looking forward for what the future has in store!

Happy Ethyria anniversary!

P.S: I love your sassy energy, slay queen",Paku,Paku#5468
9/27/2022 13:25:59,Millie,"Well boss, one year, eh? and all that time putting up with me, thanks and sorry, anyways, congrats for ur anniversary boss, thanks for all the good times, the laughs and so many moments in which u make me feel proud to have known u and support u, Love u boss a lot, as a friend~",RowJ,RowJ#4530
9/27/2022 13:35:10,Reimu,happy 1 year to my favourite ghost sweetheart!! thank you for filling this past year with so much love and laughter - your streams are always so fun and comfy! much love and hope that you'll be able to show off even more of your talents and receive even more love in the future <3,qian,jenjen#5970
9/27/2022 13:40:34,Millie,"happy 1 year millie! thank you for providing us with so much creative and fun content this year, and i'm looking forward to what you'll come up with next! really, thank you for all your efforts and for being a star that shines brighter than your destructive capabilities hehe",qian ,jenjen#5970
9/27/2022 13:53:12,Enna,"happy 1 year enna! your abilities an entertainer are truly a gem and one of a kind. thank you for also sharing your musical and artistic talents with us, which you have my deepest admiration for. hope your wings will continue to take you to even higher places in the future <3",qian ,jenjen#5970
9/27/2022 14:15:32,Millie,"Hi Millie! Watching you for an entire year has been a fantastic journey, filled with so, so much fun! Hope I'll be able to see you be your awesomely creative self for many more years because I don't doubt you'll be able to find countless new ways to make everyone laugh!",Chovek,Chovek#5631
9/27/2022 15:00:25,Enna,"Hello Enner, thank you for the amazing memories and songs i wish i was able to sing like you ðŸ¥². Youâ€™ve been a nice impact on my life and your streams make my day so much better after work or a tough time. thank you for just being you. much love!!!",PastaLavista,pasta lavista baby#8760
9/27/2022 16:29:27,Enna,"Finally you made it to the 1st anniversary! I was inspired by your voice that i try doing vocal training! Omedetou our birb and the gang, looking forward to see you guys reaching greater heights! ",Reign Scarlet,Reign#5128
9/27/2022 16:50:10,Enna,Hope you have a great anniversary and have a big fat delicious cake to celebrate it. Love your sense of humour and may you stay as my oshi forever <3,Kimdred SD,kimmykoosh#5375
9/27/2022 17:53:18,Enna,"Wah, it's been a year already? Time does indeed fly when you are having fun, and fun is the most you've given us this whole year, alongside inspiration & motivation, I honestly can't say how much I appreciate everything you've done for us, but I hope that this alongside everyone's message shows you just a bit of the love we have for you, Happy one year anniversary Enna! And for many more to come!!!",Frank,Frank#7742
9/27/2022 17:58:30,Enna,"Enna, thank you so much for being you. You were my introduction to Nijisanji and Iâ€™m so glad Iâ€™m here. I love how you can just be you with no worries. Keep it up, we love you!!",Miraii Midford,Miraii #5101
9/27/2022 18:21:38,Enna,"Happy anniversary Enna!!! Your singing inspired me to try and hone my own voice, and I'm so grateful for it. Wishing you the best in everything that's to come â˜ºï¸",Senno,Senno#2434
9/27/2022 18:51:16,Enna,1 year pog!! iâ€™m so proud of you and the rest of ethyria! I wish you the best of luck for the rest of the year!,LUX,rose me~!#6586
9/27/2022 18:52:35,Reimu,REIMU ILY! 1 YEAR ABSOLUTE POGGGG!! I WISH U THE BEST OF LUCK FOR THE REST OF THE YEAR!,LUX,rose me~!#6586
9/27/2022 18:55:17,Reimu,"Congratulations on your anniversary Reimu! You were one of the main reasons why I joined Nijisanji because I loved your humor, your taste and of course your Spanish (TQM Mija). Thanks for 1 year of fun and I hope you have many more!",JuanRey,JuanPerezRey#7617
9/27/2022 18:57:18,Enna,"Thank you, Enna, for the wonderful year us Aloupeeps have all had because of you. Seeing your stream notifications always makes me happy, even if I'm not able to watch. Here's to another year of Ethyria and Enna Alouette!",Kanatatat,crocsfan#0639
9/27/2022 19:04:47,Millie,Congrats on your anniversary Millie! I love how creative and fun you are. I love the different streams where you do different dynamics because they are the most fun and the ASMRs that have helped me study with more peace of mind. I hope you will be with us for many years to come!,JuanRey,JuanPerezRey#7617
9/27/2022 19:27:31,Enna,"Congratulations on your anniversary Enna! I love to see you playing different games, or making crafts or the karaokes, the different collabs and even the zatsudans. Thanks for all the amazing content you and the girls have given us in 1 year!",JuanRey,JuanPerezRey#7617
9/27/2022 19:32:18,Millie,"Dear Millie, Thank you for all the great memories this past year! The chaos you bring to your streams never fails to brighten up my day. I hope that you and the rest of Ethyria all have an amazing anniversary. Love you, po!",Bluetomson,Bluetomson#7091
9/27/2022 21:32:25,Millie,U hot Millie,sempeko ,lolpeko #5830
9/27/2022 22:39:43,Millie,"Happy Anniversary Millie and Ethyria! 

My favourite stream of yours is definitely the Undating stream. Shout out to other NijiEN members who made it possible and fun. I'm not sure if it's scripted or you guys just came up with it on the spot but I couldn't stop laughing. 

Thank you for all the fun times this past year. You're an inspiration to many and we look forward to another year and beyond. ",zappy1321,Zappy#4867
9/27/2022 23:04:40,Enna,"please keep on being the best pessimistic person there is, yay for one year",sakusureyia,Sakusureyia#7561
9/27/2022 23:55:25,Millie,MILLIE MY FAVORITE FILIPINA GIRL <3 I really admire you for your creativity when it comes to your content!! Please keep being YOU! Because we all love to see it <3 Luv u bebeghorl,azi,azi#9430
9/28/2022 1:19:18,Enna,sweet baby back ribs jesus girl you got me busting out my lungs several times this year from your streams. Keep doing what you're doing Enna and we aloupeeps will be there for every step. Happy 1 year anniversary!,k,kekkel#4875
9/28/2022 1:31:49,Millie,Congrats on one year Millie! It feels like yesterday where I stayed up a LOT later than I should've to keep up with the Ethyria banter. Thank you for giving me so many laughs this past year. Can't wait to keep supporting your wild antics and amazing singing! ,Obviebear,Obviebear#0001
9/28/2022 1:31:50,Millie,Hi Millie! I just want to say that I love you very much and you inspire me everyday!! Will you marry me??,Gia,ehe#1162
9/28/2022 1:40:33,Enna,Congrats on one year Enna! I don't think I have ever laughed as much as when I watch your streams or read your tweets so thank you. Thank you also for blessing my ears with your amazing singing. I will never not be in awe of your voice. Can't wait to see what you accomplish next!,Obviebear,Obviebear#0001
9/28/2022 2:56:50,Enna,"I wish the best and most wonderfull annyversary to the best songbird in the world Enna Alouette! You super funny, hardworking, extremely skilled both as a streamer and singer and all jokes aside you a super sweet person Glad to have meet you Enna and wish you eternal happyness o7","I would like it with my full name ""Gaston Mauricio Aguilar"" but also saying ""also known as ""Mauricio Aguilar"" or something like that just make sure people and them know thats my full name.",Mauricio Aguilar#8269
9/28/2022 6:11:39,Reimu,"Hello reimu! I just want you to know that you are my motivation in my acads, i always play your vod while iâ€™m studying. Thank you for all your hardwork iâ€™m really happy that i found you. 

P.S: Your angry latina voices never fail to make me laugh during my breakdown hours. I love you so so so much ",Kyuu,Nueve#2990
9/28/2022 6:14:02,Reimu,I love watching all your streams and they make me happy everyday I always go back i to the archives and watch past streams when you're not live to fee better thank you Reimufor being a great vtuba! ðŸ¤,Kurumi,ç‹‚ä¸‰#0022
9/28/2022 6:36:51,Millie,"Happy Anniversary Ethyria and to you, Ate Millie! Thank you for every content that you do on streams, esp the banter between you and us, Swagapinos. We love you! ","Your family relative ""Parfait""",Ae Lucienne #8798
9/28/2022 8:23:43,Millie,"Hi Millie, I always watch you when I'm down and you always manage to lift my mood up and make me laugh ! Thank you for the fun experience !",Kyzo,Kyzo#9850
9/28/2022 8:29:40,Enna,"Hi Enna, I often have your streams in the background while I work on something else and you never fail to make me laugh. I really love your singing as well, they're really beautiful",Kyzo,Kyzo#9850
9/28/2022 8:31:58,Nina,"Nina, I really like your comforting voice and how supportive and caring you are to other livers. While I can't catch up to your stream, the VODs are always a worth to watch",Kyzo,Kyzo#9850
9/28/2022 8:38:01,Reimu,"Reimu, I really love your horror game streams because for some reason I never get scared if I was watching your stream lmao. Thank you very much for the fun experiences ! ",Kyzo,Kyzo#9850
9/28/2022 14:51:00,Enna,"Finding you is the highlight of my year. You are by far the most entertaining and the best singer I have ever come across, your hard work is made clearly visible in each stream. Thank you to all the clippers for introducing all the amazing talents to us and especially Enna to me! Thank you Enna for putting in so much effort for us viewers and I wish you all the best for the future! ",Hazuchio,Hazuchio#0905
9/28/2022 15:16:42,Enna,"Thanks a lot for this past year! Before Ethyria I had not watched NijiEN but with your debut there were a lot of EU-friendly streams which made me check you all out and now I'm a fan of not only you and Ethyria, but the whole NijiEN. I love your humor (mine's equally dark), your content and your voice. Can't wait to see what's in store for this coming year! Happy Anniversary!",Norenche,Norenche#9328
9/28/2022 19:15:08,Nina,Thank you for everything and congratulation for your first year! From begining to end of this year I'm glad to have followed you and everyone else! Big love.,Energy Niki,FEnergyN#2198
9/28/2022 21:22:49,Enna,"Happy Anniversary to you and the rest of Ethyria! It's hard to believe that a whole year has already passed. Just where did the time goâ€¦? Feels like many things only happened a month ago, rather than a whole year. Regardless, here's to hoping for many more years to go! ðŸ¥°ðŸ™ðŸŽ‰",Elodie,Elodie#0504
9/28/2022 21:39:26,Enna,Thank you Enna our lovely songbird for being apart of Nijisanji EN! I really enjoy all of your videos and your voice is so angelic! Happy 1 year anniversary!!!!,Astoria,Ã©mo#8949
9/28/2022 21:48:20,Enna,I got back into the VTuber rabbit hole because of your sense of humour and amazing singing because it always makes me laugh and helps me power through the bad times so I hope you know that your content helps a lot of people. Stay true to yourself and happy anniversary to all the Ethyria livers! :),Crumbs,Crumbs#8620
9/28/2022 22:10:59,Enna,"Congratulations on your 1 year anniversary! I canâ€™t believe so much time has already passed. Itâ€™s been tons of fun getting to know you since last year, and youâ€™ve been an inspiration to me and many others! Hope youâ€™ve enjoyed this past year, and I look forward to even more!",Myrrh,Myrrh#2232
9/28/2022 22:52:54,Enna,Congratulations on the 1 year Enna! Your streams are always super fun to watch and you're always working super hard for us peeps. I've only started watching recently but the community here is awesome too.  Here's to many more fun times!,Zingly,Zingly#4619
9/28/2022 23:01:55,Millie,Hi Millie! Congratulations on the 1 year! You're always so full of energy and have a ton of unique and creative streams! It's also very inspiring to hear about everything you do for the community. Cheers!,Zingly,Zingly#4619
9/28/2022 23:08:59,Enna,"Halou Enna, I like your content a lot. Each stream I would either laugh at or relate to you in a different way. Thank you for being who you are, and please take good care of yourself and keep up the good work, my kami-oshi!! ",Mana,ManaOG3#7589
9/28/2022 23:51:52,Enna,"Congratss on this anniversary!! Thank God I know Nijisanji from Ethyria and get attached to your streams Enna! Your cute, funny and creative way of streaming somehow makes my life more enjoyable. I usually just lurking around cuz I'm hella shy and thinking too much about others perspective but still I can express myself by drawing lots of your fanarts until now and that's my way of showing how I adore you soooo much. Last from me, hope you have a happy, awesome and peaceful life onwards!!  ",Momojii,Momojii#1601
9/28/2022 23:59:29,Enna,"Thank you for being my inspiration this year Enna! I was at my worst after the pandemic lockdown. Discovering your angelic voice, listening to your struggles in life, and witnessing how far you come have really motivated me to get my life together. You really meant a lot to me",SleepyPudding,MeeMoðŸ‘#0394
9/29/2022 10:27:14,Enna,"Congrats on the 1 year Anniversary with Ethyria Enna. It's been such an amazing year with all of you where you bring endless joy and laughter into my life. Not only does you have an incredible voice, but it's always endless fun with zatsu and chat. I'm so proud to be an Aloupeep and so glad to have found you and call you as my oshi. â¤ï¸ ",Zhumingz,Zhumingz#6486
9/29/2022 13:01:56,Nina,"Hi Mom! Hope you end up reading this, you really make my day and have always made me smile",Average Ninaur Fan,Gunsemi Loveglock#6545
9/29/2022 15:45:24,Enna,"Hey Enna!
Congrats on your and Ethyria's one year anniversary!
One year passed so quickly and I see myself keep returning and rewatching the Higurashi concert every once in a while.
I hope you can enjoy more years being in NijiEN.",kalmen,kalmen#5434
9/30/2022 3:54:06,Enna,"Hey Enna, thank you for a whole year of entertainment, Ethyria definitely made NIjiEn more unhinged. Hopes to many more to come!",ReF,Ref#9762
9/30/2022 3:59:19,Enna,Happy One Year Anniversary Enna Alouette Ù©(ËŠá—œË‹*)Ùˆ â™¡ Hope you eat and stay well! Thank you for your hardwork,Matahari,Matahari#8117
9/30/2022 4:21:23,Reimu,"OhaReimu!! I've started watching your streams recently and they bring so much joy! Seeing you collab with other Ethyria/niji members is always fun to watch. My friends and I are going to cos nijisanji streamers for an event in Malaysia, and I'm going to cosplay you! hope this message gives you just a lil bit of serotonin :D",Random Arts,Random Arts#9678
9/30/2022 4:39:33,Enna,"Happy one year anniversary Enna!!!
I want you to know that your sense of humor is beyond funny, every time I watch your streams my day gets instantly better!! I've even started saying f***ing B***h more often because of you lol. thank you for an eventful year and to many more in the future!!  ",Moonlight,Moonlight#6431
9/30/2022 4:48:21,Millie,"Happy one year anniversary Millie!!
I love watching your streams and seeing how creative and unfiltered you can be, I've lost count of how many times I burst out laughing at the things you do and the way you interact with the other members!! Your stream helped me keep my calm when I ran into a difficult situation a while back and for that I'm very grateful to you. Happy anniversary and to many more in the future!!",Moonlight,Moonlight#6431
9/30/2022 7:37:40,Millie,I have not know peace since listening to you Marshall Maximizer cover. YOU'RE VERY AWESOME,CloudCat,CloudCat#9872
9/30/2022 7:38:56,Enna,You are the sweetest lady in the world miss Enna!!,CloudCat,CloudCat#9872
9/30/2022 7:40:17,Nina,You're so fantastic Mama Nina! You really enocurage me to do my best like you do!!,CloudCat,CloudCat#9872
9/30/2022 7:41:59,Reimu,Reimu you are literally the sweetest and most adorable ghost i have ever had the pleasure of seeing! It would be an honour for me to see you continue haunting into eternity. (I hope that wasnt too weird),CloudCat,CloudCat#9872
9/30/2022 12:33:57,Nina,Nina thank you so so much for being a comfort streamer ! I appreciate everything you do! Love you so much sweetheart!,Ohmybillnye,Gwen#9815
9/30/2022 22:57:24,Millie,"Congratulations on 1 whole year to Ethyria! Thank you for all your hard work this past year and for being yourself, Millie! I honestly wouldn't have known about Ethyria or Nijisanji if it wasn't for you. Yup, you were the liver that sent me into the Vtuber rabbit hole and I wouldn't have it any other way. My favorite streams of yours has to be the Undating Game 1 & 2, I rewatch them whenever I want a good laugh. I think the the clip that got me to watch you was your Phasmo collab with Oliver, Siska and Layla towards the end of the stream and the rest is history. Thank you again for the wonderful year Millie! Laudant Stolam ðŸ™",lordmediator ,lordmediator#8009
9/30/2022 23:04:41,Nina,"Congrats to 1 whole year! Thank you Nina for all the hard work you put into streaming and talking to us. As someone who is also lazy, I relate to a lot of the things you say, along with the love for wine. I also admire how you help carry on conversations with everyone, especially when you were with Nagao in his English talk. I loved how you both were enjoying your talk so much you lost track of time. Keep being you, Nina and hope you get to meet and talk to a lot more people that will love talking to you just as much! ",lordmediator ,lordmediator#8009
9/30/2022 23:09:49,Enna,"Congrats to 1 whole year in NijiEN! Thank you for all your hard work and effort into putting yourself out there and for all the dark humor jokes that honestly make me snort. I'm glad you got the job you wanted and have a job you also enjoy doing, and get to do it with so many good people. Thank you again for being you, showing your unhinged side, and for so much else! Here's to many more unhinged fun moments in the coming months and years!",lordmediator ,lordmediator#8009
9/30/2022 23:15:25,Reimu,"Congrats to 1 whole year for Ethyria! Thank you for all the time and work you put into streaming, Reimu! I think the first clip I watched of you when I was still getting into vtubers and NijiEN was your Jump King stream and a certain voice demon joined. I loved your banter and your witty jokes and I looooove that with your interactions with everyone else. I think I replayed that clip a few times because I for the life of me couldn't stop laughing. Thank you again for the wonderful year and keep being you, Reimu!",lordmediator ,lordmediator#8009
10/1/2022 2:50:50,Enna,"It's been 1 year since you came into our lives, I can't believe how much impact you ended up having in mine, I was not expecting that at all! I'm so happy you took the chance in the auditions because now you are here with us, I can't imagine a life without you, Happy Anniversary!",Miguel Macias,Mike6895#1981
10/1/2022 8:39:49,Nina,"I'm still not sure how I got lucky enough to end up in your community...a year in, I think the only thing I'd change is going back and setting an alarm so I wake up in time for your debut! Thank you for creating such a wonderful space, and t hank you for being you! <3",Cloverlea,Cloverlea [47]#7905
10/1/2022 13:32:25,Millie,"Hi Millie! Congratulations on 1 year. I found you through a clip of you cooking your hoboyaki, and thought yeah, seems like someone I want to watch. So thanks for always being funny and entertaining. Always looking forward to what shenanigans you'll do next.",ryd,ryd#8482
10/1/2022 13:56:25,Enna,"Hi Enna! Congratulations on 1 year! I found you via finding nijiEN, but the first full vod I watched was the higurashi concert, which is amazing btw, so it was pretty wild when I saw you unhinged on stream. Always looking forward to the projects and streams you do next!",ryd,ryd#8482
10/1/2022 13:59:05,Reimu,"Congratulations on 1 year Reimu! Just a lurker here, I've started watching you a lot recently, but I love watching your streams even if i'm scared shitless during the horror game streams. Always looking forward to what you'll do next.",ryd,ryd#8482
10/1/2022 17:39:48,Enna,"Hai enna, i just wanted to say that your streams have always been keeping me sane in this yearlong journey. I never expected to get into vtubers but your personality reeled me in. Keep being yourself and may you hopefully achieve all your dreams in life.",HanHan,ShariaLene#9591
10/1/2022 18:50:34,Reimu,"Heya SeÃ±orita Fantasma, we already have one year? dayum time flies sometimes am I right? Ok in a more serious note, look Reimu, from the bottom of my heart, I really wish you the very best, I've been around with you from the beginning, and I know that you're really struggling with some life stuff, we all do, and I can't keep it under my head how the **** you manage to do all that work and also stream, srly I wish I could be your ""student"" in life at some point, I really need to learn a lot from you gurl, so following that I congratulate you, and the girls for one year, keep them coming cause I ain't stopping supporting you any time Soon, so gl amiga, recuerda hay gente que reza por tu felicidad, sigue adelante! ",Huruz,Huruz#7067
10/1/2022 19:26:15,Reimu,"Hewwo Weimu, thank you for everything! I hereby send energy and vibes PARA A MELHOR LATINA DE NIJISANJI! Continue fazendo o que faz de melhor! O Brasil te ama <3",Lumier Luodne,Lumier Luodne#7975
10/1/2022 21:14:53,Enna,"Hi Enna!! I hope your day is becoming better and better! Please accept our most sincere wishes for your well being here! 
I hope you are able to find peace when in need of rest and strength when pushing forward, strongest birb of Niji!",Lumier Luodne,Lumier Luodne#7975
10/2/2022 1:40:42,Enna,"Enna! Happy 1 year anniversary!! Watching your streams have made my life brighter everyday. I love watching your streams, they're comfy but also filled with very human emotions. OtsuEnna!",RaveY,RaveY#6103
10/2/2022 13:09:10,Millie,Congratulations on ethyria's 1 year anniversary Millie ðŸŽ‰ðŸŽ‰ thank you so much for always making me laugh with all your streams you always bring a smile to my faceðŸ¤— your one of the person why I started supporting you and your group ðŸ¤—ðŸ’žðŸ’ž hope to see you and others grew more congrats again ðŸ’–ðŸ˜™ðŸ˜™,Frap,ð–£”Frappuccinoð–£”#2968
10/2/2022 13:12:29,Nina,Congrats on Ethyria's 1 year anniversary Nina really thank you for cheering me up with your streams really love them and I always tried to watch all  of your streams and your one of the the reason why I support you and your group ðŸ¤—ðŸ’ž keep it up and I will gladly watch you guys achieve more milestones ðŸ˜™ðŸ˜™,Frap,ð–£”Frappuccinoð–£”#2968
10/2/2022 13:14:51,Enna,Thank you for making me smile Enna :] Watching you has always made my day and I love your sarcasm and sense of humor. I hope for only the best of things in your future and happy 1 year anniversary!,Mel_l,Mel_l#8103
10/2/2022 13:19:30,Enna,Happy Anniversary Enna~! I may not have been with you since you started like the other aloupeeps but I want you to know that you influenced me just as much! In a good way of course~! Hoping for more anniversaries to come~!!! ,Sola,Sola#3355
10/2/2022 14:39:32,Enna,Hi Enna! I really hope you like the Connecting MV! We worked so hard on it and we truly believe you connect everyone around the world. We all see how hard you work but we hope you can see how much we appreciate you for it. Thank you for connecting us with your songs and stories!,Stelli'a,Stelli'a#3749
10/2/2022 16:58:43,Millie,Hey Millie Thanks for all the great moments since your debut! Your creative streams are hilarious to watch! Watching you grow and learn your own style of streaming since debut has been a fun journey! Thanks for everything and Iâ€™ll keep supporting you in whatever you do!,Bionic608,Bionic608#8218
10/2/2022 17:26:09,Enna,Hey Enna! Thanks for brightening my mornings! Watching you since debut has been hilarious. From the original Lucius streams to the more recent soma streams youâ€™ve been fun to watch. Thanks for being my oshi and thanks for everything! Iâ€™ll keep supporting you in all that you do! ,Bionic608,Bionic608#8218
10/2/2022 22:41:03,Enna,"Happy Anniversary Enna! One year has past too fast however the memories you've given us will never fade away. Your hard work, honesty and love for your community are parts of you that I highly respect and inspire me to be better. I'm glad that I can call you my oshi and I await excitedly for what's to come in this next year.",Ryussei,Ryussei#0675
10/3/2022 0:43:15,Enna,"Congrats to the chaotic birdie on the 1st anniversary! You've made it a long way, so continue on!! :D",nevada,alckri#8337
10/3/2022 1:59:35,Enna,"happy 1st anniv enna! i am so proud of you and your growth since your debut! thank you for all the laughs and beautiful covers you've given us, you've inspired me so much in a lot of ways. thank u for everything and i'll continue on supporting you. to more anniversaries together! ",meri,kyun#2392
10/3/2022 3:10:22,Enna,Hi Enna! Happy Ethyria first anniversary! Watching you and everyone grow through time makes me really happy. You are amazing and please never stop being amazing.,KK,K___K#2555
10/3/2022 8:40:02,Enna,"The world is a miserable place, but at least Enna Alouette exists.' 

I've watched plenty of YouTube videos, but none of them were able to make me genuinely laugh except for yours, Enna! I've never thought that after a dreadul day, I was excited to watch your videos that bring joy to me. I too think, that the world is a miserable place and often wish that I was just a cat, but you are one of the reasons why I continue to do what I have to do. I enjoy your negative talks about life (especially during the trial by trolley collab), perhaps because I relate to those negative thoughts too. But of course, I wish you well and hope that lesser negative thoughts surround you!  

Thank you for bringing joy to Aloupeeps, Enna! I wish you good health, and I wish you to have a great life, because you have brought joy to thousands! Thank you for being part of Ethyria, and being part of Nijisanji! 

Happy 1 year anniversary Ethyria! ",Yeou Yuko,Yeowoo #9313
10/3/2022 9:36:15,Reimu,"Hi, Reimu! Congrats for your first anniversary since debut! I haven't been here since the beginning, but I'll try to be together with you on your journey as much as I can. Thank you for always making me happy! ",Cielâ™¡,reimu#5821
10/3/2022 10:14:37,Reimu,"Hello Reimu
Not really sure of what to say, since I'm terrible with words lmao, but thanks for everything.
When I was feeling at the bottom of my life I happened to stumble in you one of your streams, and who have thought that would gave me the fuel to keep going, thank you Reimu.",Dege(nerado),Degenerado#5396
10/3/2022 17:40:12,Enna,"Hi Enna! Happy one-year anniversary to you my oshi and all the beloved girls of Ethyria! Can't believe a year's already passed. Doesn't even feel too long since I first watched your debut. But looking back, a lot of great things happened. Thank you so much for all the joy, love and positivity you guys spread. I feel so blessed and happy to have known you all, as it made me finally take a step forward in my life. Especially you Enna! From your chaotic energy, gameplays, and collabs to relaxing, motivating, and super funny talks and antics. I've never felt as genuinely as I did to work hard until you pushed me. Seeing the amount of growth you've gone through, and hard work you put out as well within the year, I can't tell you how proud I am to be an aloupeep and call you my oshi. Though now I've been pretty busy, and only sometimes get to catch your streams, and hardly get the chance to make fanarts of you, I'll always support and love you, and all the other members of Ethyria and EN too. Here's to more years to come. Once again, HAPPY ONE-YEAR ANNIVERSARY!! Wish you much Love and Happiness! Soar High and Sing aloud Songbird!!! Otsuenna!",6InchSenpai,6InchSenpai#0104
10/4/2022 2:28:29,Enna,Congrats on 1 year !! <3  this past year has been one of the best in my life mainly because of you. You're so amazing with all your streams always have funny moments to lighten the day. I hope there are many more anniversaries to come ! <3,Jei Eztli,jeiEztli#0001
10/4/2022 2:30:22,Millie,Millie congrats on 1 year. You are the kindest person I know always doing stuff for the community <3 I hope you know how much we all appreciate and love you! Here's to many more years of streaming !!! ,Jei Eztli,jeiEztli#0001
10/4/2022 4:30:46,Enna,"Literally one of the best vtuber i've ever watched, i just want you to know that your voice never fails to reach me and your streams gives me so much comfort. If it weren't for your hilarious streams i would be 100x miserable than the usual. i will support you in every steps you'll make! ",arkieel,arki#9900
10/4/2022 6:23:35,Enna,"Thank you for being true to yourself, loving your personality, your voice, your joke, EVERYTHING! LOVE YOU, MY OSHI ENNA ALLOUETTE ðŸ’—ðŸ’—",Cheroppi,Cheroppi#0706
10/4/2022 9:48:34,Enna,"to my dearest songbird ðŸ•Šï¸ðŸ’™ðŸ’œ thanks for one year filled with joy, surprise, laughter, and bit tsundere part, your stream brought me immense happiness, cheers for the first anniversary, I'm glad you're sÌ¶tÌ¶iÌ¶lÌ¶lÌ¶ here! ",gummy bear,gummy bear#7674
10/4/2022 9:54:04,Millie,"hello harbringer of calamity! ðŸ’‹ but i should say you're more witch of LMFAO instead, because without ur presence, party rockers not in the house tonight!",gummy bear,gummy bear #7674
10/4/2022 9:59:10,Reimu,"hello reimu! i think your voice mail is awesome, oh and ur singing too! ",gummy bear,gummy bear#7674
10/4/2022 10:01:38,Nina,"happy ethyria first anniversary, mom! love you ! !",gummy bear,gummy bear#7674
10/4/2022 10:33:59,Enna,"happy anniversary to you and ethyria, enna! thank you for all the joy you've brought to us aloupeeps this past year! keep being the amazing and talented songbird that you are!",mirin,namie#5330
10/4/2022 10:51:18,Reimu,"Hey Reimu, Just wanna say I love you and your singing voice is beautiful! Your voice is really soothing and I always watch your streams to sleep even though it's horror games most of the time. Thank you for the past year and making me sleep well. Happy 1 Year Anniversary Ethyria!",haruchii,WanderingWizard#4035
10/4/2022 11:16:37,Millie,"Hey Millie! I can't believe it's been a year now, I remember your debut stream to be one of the best I've ever seen! You've never failed to make me laugh and I love your chaotic energy! Thank you for being you for the past year and Happy 1 Year Anniversary Ethyria!!!",haruchii,WanderingWizard#4035
10/4/2022 11:28:34,Enna,Happy One Year Anniversary!~ Thank you so much for all the great content you've put out for us. Your sense of humour may be dark yet it's always so relatable and I love you for it. I hope you continue bringing us more fun streams and hopefully not quit Nijisanji anytime soon! Here's to hoping you finally know how to use a map by the next anniversary XD,Raindora,Raindora#2306
10/4/2022 15:05:15,Enna,"Hey bitch, itâ€™s been a year already and dayum that went faster than I thought. And while it went by faster than you reciting the bible, the memories and inspiration you and the others have given me is timeless. Seeing not only you but others like Patterns do their magic creating amazing songs and covers inspired me so much and helped motivate me in trying to sing myself! And being able to watch you fuck shit up in the best way possible and chill with chat every time you stream has become a routine in my life that I look forward to and I hope we can keep going like this! I ainâ€™t ever gunna stop loving you biiitcchhhhðŸ’œðŸ’™",Lena,Lenaaa#7802
10/4/2022 22:55:08,Reimu,"Hi Reimu! Happy first year anniversary! i'm so proud of how far you've gone this past year and how much the community have grown thanks to you. Being a phantomo gave me so much that i can't believe it's only been one year, let's go for an even better 2nd year! i love you ghostie!",GonzaGKX,GonzaGKX#9835
10/4/2022 23:03:10,Millie,"Already a year huh, is crazy how all this time has past this quickly but i guess the time flies when you are having fun and hope you've have as much fun as we had.
Thank you for this amazing year Millie, we will support you and Ethyria as much time as needed. Happy anniversary!!",Just Bitter,Just Bitter#8177
10/4/2022 23:36:40,Enna,happy anniv!! ill make this short since i cant express myself very well but i hope u know ure a big inspiration to me! know that we all love and appreciate u & everything u do very much. here's to more anniversaries to celebrate together! hope the messages here make u smile :] â™¡ ,finn ãƒ•ã‚£ãƒ³ ,feen#1634
10/4/2022 23:43:15,Enna,Hiya enna!! I just wanted to thank you because youre one of the reasons i got into nijisanji en after i watched you inuyasha karaoke stream. happy anniversary to you guys!! i lov u all,kokos,kokos#2042
10/4/2022 23:43:25,Millie,"THANK YOU FOR A YEAR OF AMAZING CONTENT! Seriously Millie being about games, singing or creative activities you always get me to smile with your content here's for a wonderful 2nd year!",Neptail,Neptail#8472
10/4/2022 23:44:27,Millie,Congratulations on the 1 year anniversary! who knew time flew by so fast. Hope more opportunities and blessings come your way and once again congratulations on the 1 year anniversary!.,testchief7,testchief7#1751
10/4/2022 23:44:30,Millie,"Happy One Year Millie! Thanks for all the content and the wonderful community you've created. You constantly drive me to do better, and cheer me up when I'm down. You've made an otherwise boring year amazing for me!",Ana!,Ana Elise Themis#8178
10/4/2022 23:45:19,Millie,MILLIEEE HAPPY 1 YEAR! i cant express how much i appreciate and love you and your craft under a chara limit but i hope u know it makes me smile esp in rough days. you are so incredibly loved and i wish you nothing but the best! here's to more anniv celebrations! â™¡ love u sm,finn ãƒ•ã‚£ãƒ³ ,feen#1634
10/4/2022 23:45:39,Enna,Happy 1 Year Enna I've only been here for 6ish months but you've brought me a ton of laughter regardless of whether I'm down or not so thank you so much for being such a sweetheart and here's to another year,DevSleeps,DevShill#6587
10/4/2022 23:46:06,Millie,"Hello Millie! You always make me smile even on the worst days, and you inspire me everyday to become a better person. Thank you for being here for us! ",TsunaSakana,TsunaSakana#4312
10/4/2022 23:47:05,Reimu,Happy 1 Year Reimu YOU are the reason I started watching Niji and I slowly expanded from Ethyria to everyone but you'll always be my #1 I love you so much thank you for everything.,DevSleeps,DevShill#6587 
10/4/2022 23:48:19,Nina,Congratulations on the 1 year anniversary! Felt like yesterday seeing your debut and next thing you know its been a year already. I hope more opportunities and blessings will come your way. Congratulations Ethyria on your 1 year anniversary!,testchief7,testchief7#1751
10/4/2022 23:49:26,Nina,"Hi fox mom, I hope you're enjoying your day right now. I am not good with worda but I just hope that happiness always follows you around and when it's not we will be here by your side. Love you, Nina.",Hana K.,hatcim#3020
10/4/2022 23:49:29,Enna,"Im really bad at giving long and sweet messages so i will just congrats you guys for reaching 1 year being in nijisanji !!! You guys have come a long way reaching this so you guys should be proud because i can see that you guys really did you best. Once again, congratulations and enjoy your 1 year anniversary!!!","Just put ""Mon""",Mon mon#1009
10/4/2022 23:49:55,Reimu,"Hi Reimu, our baobei and queen!! HAPPY 1 YEAR ANNIVERSARY FOR ETHYRIA. Thank you for giving us so much laughs and smiles! I really enjoy your company on every stream, it feels like we're right beside you playing and talking hehe. We're always here to support you guys in every possible way we can. May it be on good or bad days!",Appopo,jwojwi#0164
10/4/2022 23:50:11,Millie,"Hi millie congrats on your 1 year anniversary, been a lurking fan since last years. Hope you and other ethyria members have many more anniversaries to come. Thank you for all the entertaining streams you prepared every week. ðŸ±",Gun X Void,vvooiidd#7307
10/4/2022 23:51:58,Nina,"happy 1 year ninaðŸ–¤ thank you for all the joy youâ€™ve brought to our lives and hereâ€™s to many more to come, cheers!! all the love for you and the girlsðŸ–¤",lix,lixon.#5149
10/4/2022 23:52:10,Reimu,"Reimo mi reina hermosa, I can't begin to describe how happy it makes me to see ur streams, thank u so much for all the hard work, love and dedication you have given us so far, We will continue to support u! Even in life or death, your phantomos will never forget uâ™¥ï¸ðŸ¤ðŸ’œðŸ§¡",Nura,Â°â€¢rivers#7082
10/4/2022 23:52:55,Millie,"KONMILLIEEEEE! Happy happy 1 year for Ethyria!. It's been a long journey since you guys debuted and it's such a pleasure to meet all of you especially the with of calamity, Millie Parfait. I really love your humor and the antics whenever you stream ^^, it's such a joy to watch and tune in. More blessings and great great achievements to come. Love you Millie! <3.",Makari,OatheMeal#5979
10/4/2022 23:53:57,Millie,Congrats on Ethyria's 1-year anniversary!!! Thank you Ethyria girls and the lovely communities you've fostered for an amazing year filled with laughter and fine company. Knowing all of you has made this past year an unforgettable one; Looking forward to more great years to come!,Pinkerton,Pinkerton#2274
10/4/2022 23:54:22,Enna,"Hi Enna!! HAPPY 1 YEAR ANNIVERSARY FOR ETHYRIA! Thank you for always giving us great laughs and stories. We really appreciate you so much, you might not think you don't deserve a lot of things but us, Aloupeeps think otherwise. You deserve the whole world, Enna! We're always here to support you",Appopo,jwojwi#0164
10/4/2022 23:54:42,Millie,"Dear Millie, 

I love Nijisanji as a whole, but I've always had a soft spot for Ethyria, and specifically you (you are my oshi, after all)! Thank you for a fantastic year thus far, you've made the world such a brighter place and so many people happier. Here's to many more years!",icedsoup_,â˜…â˜†â˜…#0328
10/4/2022 23:57:39,Reimu,"Para la fantasmita mÃ¡s linda de todas, feliz aniversario! Es increÃ­ble cÃ³mo pasa el tiempo, y cuan grande te has vuelto. Siempre que puedo entrar a verte hablar me alegras un poco mis dÃ­as con tus historias y elocuencia. Gracias por traerme sonrisas y espero que nunca te apagues. â¤ï¸ðŸ‘»",IggyR0,Iggy#3808
10/5/2022 0:01:12,Millie,"Happy 1 year Ethyriaaa!!! You may not be the first member that i've known but now you became my number 1 oshi, my day is incomplete without you in it, I love seeing you smile and just being happy. These last few months you became one of my source of happiness so thank you and I appreciate you a lot <33 no matter what you do i will support you and will always be here for you. I love you Millie!! <3333",paige ,ree#9502
10/5/2022 0:02:27,Enna,"Hi enna, congrats to you and ethyria's anniversary, you are a natural comedian and your singing voice is amazing and your natural lazy voice is funny.",Gun X void,vvooiidd#7307
10/5/2022 0:04:29,Millie,Happy 1 Year Millie your ASMR and streams even help me relax and makes it easier to sleep as I have really bad insomnia and narcolepsy. Love everything you do for us,DevSleeps,DevShill#6587 
10/5/2022 0:04:33,Enna,"Time flows once more... It's been a great and thankful year to know you Enna! You have no idea how much of an inspiration you are to us, to me. Seeing your progression made me so happy and proud that made me want to support you more. Happy Anniversary and more great years to come!  ",Lashe W,wister#6401
10/5/2022 0:04:50,Enna,"hi enna, been enjoying your streams since your first boennappetit, instant member since you opened them. ure ok iguess",jc,jc#8048
10/5/2022 0:05:29,Millie,Hi Millie!! HAPPY 1 YEAR ANNIVERSARY FOR ETHYRIA! Thank you for being our happy pill! You're the most kindest and warmhearted vtuber person! You deserve everything!,Appopo,jwojwi#0164
10/5/2022 0:05:48,Enna,"Love your singing, keep on smiling ",BUG JUICE ,BUG JUICE#1500
10/5/2022 0:06:59,Millie,"Your hard work, caring attitude, and dedication to make the world around you a better place are an inspiration. You are such a wonderful person and you deserve all the happiness and love you've gathered around you. Never doubt that for a second. Stay amazing, boss ðŸ’–",SeaCrane1,SeaCrane1#6969
10/5/2022 0:07:34,Nina,Nina! It's been so crazy since you and the rest of Ethyria arrived. NijiEN would not be what it is without any of you and I'm very happy to have supported you in a way that I can! I'm excited to start a new year with you and seeing what craziness you will cause next. <3 Happy one year! ,Compa,Compa#2808
10/5/2022 0:08:02,Millie,"To the great witch of calamity! To my very first oshi who got me interested in vtubers and got me to use superchat for the first time, thank you so much for existing and bringing joy and laughter to us all for a year now. We look forward to more great moments with you, ethyria and nijisanji. Happy Anniversary!",Lashe W,wister#6401
10/5/2022 0:14:55,Enna,"Congratulations on one year! Enna, you're one of the most amazing streamers I've seen recently. You're a beautiful person, inside and out, who continues to put a smile on our faces every stream. Thank you for all of the effort that you've put into this; it really has made a difference during the hardest time of my life. Never stop being yourself, that's just the way we love you!",vai,vaiii#5614
10/5/2022 0:16:06,Millie,"Hey Millie, two my second oshi and the sweetest girl in nijisanji. Thank you for bringing me a year of enjoyment. And funny clips and fun vibes. The famillie is a second family to me and I've learned so much good and bad from ya and I'm happy you're hear. I hope my pixel art is able to bring you a little joy",jjmmmmmm,jjmmmmm#1295
10/5/2022 0:17:56,Nina,Happy 1 Year Mom. You always help me calm down and relax with your chat streams thanks for always bringing that supportive top tier mom energy,DevSleeps,DevShill#6587
10/5/2022 0:24:14,Enna,"Yo Enna, I just wanted to say thanks for bring tons of laughter and down to earth personality! Can't wait to see your current and future projects! I know the world is cold and harsh but hopefully the world is bit better with us aloupeeps around to support you.",Rawnoid,Rawnoid#7972
10/5/2022 0:25:03,Enna,Happy 1year to you Enna! having you as my kamioshi and witnessing you grow over the year makes me very happy and proud! ðŸ˜­ I wish for many years to come and to be there until the day you finally go so keep on being cool Enna ðŸ’–,Reii (rei with the double i),Reii#1278
10/5/2022 0:27:24,Enna,"Happy 1 year anniversary. One of the earliest things I remember on your channel is the ""I'm out, Mr. X."" - I guess I showed up just in time for membership lol. But I knew pretty much right away I'd be sticking around - Especially once I found your karaoke and music.",BlackfireHedgehog,Corrupted Sanity (Vex)#5937
10/5/2022 0:35:05,Millie,"Thank you so very much, Millie, for bringing me together with so many amazingly supportive and sweet friends that I've made, since I first got to introduced to you. I am also very thankfull to you for being an Inspiration and an insanely creative Entertainer. I'll stay with you until the day you graduate! â¤ï¸",Hey Guys,HeyGuys#2888
10/5/2022 0:36:21,Enna,"Congratulations of 1 Year Enna! Your humor, your music and your personality have been a true godsend to me and many others over the course of this year. The 1st Year was great, the 2nd Year will be better. Thank you for everything you have done for the Aloupeeps!",D12,D12#7395
10/5/2022 0:38:14,Reimu,Congrats on the first year cursed little ghost !! let's keep making more memories... and trying to do not die on the process :D ,Otto Crossheart ,Crossheart#7598
10/5/2022 0:40:52,Enna,Congrats on one year petite songstress!! let's made more music and memories next year... and trying to not getting cancelled. ,Otto Crossheart,Crossheart#7598
10/5/2022 0:43:30,Millie,"Happy 1st Anniversary to Ethyria and to you Millie!

Thank you for being who you are! Despite being the chaotic person you are, your sweet and caring personality shines through it. Thank you for doing your best at everything. Especially for the quality contents you bring out. We really do appreciate the time and work you put into it so don't think they are in vain! I'm very glad I stayed watching Nijisanji because of you and the other Ethyria members. Please never give up on singing! We love your singing and your voice. I wish for it to reach the different parts of the world. Here's to making more memories with you and the robes. Once again, happy 1 year to Ethyria!! â™¡â™¡â™¡",Pretzel,Pretzel#0456
10/5/2022 0:47:27,Enna,"Congrats on One Year Enna! Iâ€™ve had so much fun watching you grow as a streamer, and engaging with you and the other aloupeeps has changed my life in an amazing direction. Wishing for another amazing year for you and the girls!",Bettiepop,Bettie#0016
10/5/2022 0:47:46,Millie,"Congratulations on one year, Millie! If I had to describe you in one word, I would say sunshine. You bring such warmth and a bright personality to everything you're apart of, with the MOST contagious laugh I've ever heard! You bring such amazing creativity and fun to every stream and I thank you so very much for all the laughter you've brought into my life.",vai,vaiii#5614
10/5/2022 0:48:55,Millie,"Happy anniversary, Millie !! I'm really glad to be a part of the community you built and I'm excited for all the fun and creative stuff we'll be doing in the future ! And again, happy anniversary, Witch of Calamity !!! ",rafocado ,rafocado#1406
10/5/2022 0:52:28,Enna,"Happy 1st Anniversary to Ethyria and to you Enna!!

I know this has been said a lot of times by a lot of people, but I really love your voice. You sing so beautifully and it's so nice to hear every time. Please never stop singing!! I'm also very happy that you're getting the love and support that you deserve. I will always be cheering for you and Ethyria. Thank you, Enna! Êšâ™¡Éž",Pretzel,Pretzel#0456
10/5/2022 0:55:06,Enna,Enna! Happy 1-year anniversary to you and all of Ethyria! Itâ€™s hard to believe itâ€™s already been a year since the debut but Iâ€™m so glad to have met you four since youâ€™re all so very amazing. I hope that the anniversary is fantastic and for more memories and moments in the future!,DarkDisasterKid,DarkDisasterKid#6466
10/5/2022 1:01:46,Enna,Happy anniversary! Your witty self have always been my source of happiness. Keep being you Enna. Love you a lotâ¤ï¸,dianvnxx,dianvnxx#3842
10/5/2022 1:03:00,Millie,"Dear ate millie, Happy one year anniversary to you and ethyria!! I hope you guys have more fun, projects and collabs in the future! I haven't been with you guys from the start but all of you really make my day when I watch you guys! laudant stolam mareng millie!",Keichii Persophone,krazekatz#2761
10/5/2022 1:05:37,Reimu,"Happy 1st Anniversary to Ethyria and to you Reimu!

I love your karaokes a lot, and the fact that you love Honeyworks as well is just amazing!! I hope to hear more covers from you, and I really admire how strong you are! I know there has been some difficult times but please know that we appreciate you being here with us. We are grateful to have Reimu in Nijisanji and we couldn't be happier about it. Thank you for doing your best. We are very proud of you. Looking forward to making more memories with you and Ethyria! â™¥â™¥â™¥",Pretzel,Pretzel#0456
10/5/2022 1:11:34,Reimu,HAPPY ONE YEAR! It's been a year full of wonderful moments with you and hoping for many more to come. It feels like it was yesterday since the debut but time sure flies by when you have fun. Thanks for all this beautiful memories! :ReimuLove:,CofiMau,CofiMau#7018
10/5/2022 1:16:13,Nina,"Happy 1st Anniversary to Ethyria and to you, Nina!!

Thank you for looking after the other Ethyria members but also don't forget to take care of yourself! Take a rest if you need to and don't strain yourself. Hope you get to try the greatest and the tastiest of wines because you deserve it. Keep being the best unofficial mom of NijiEN! Thank you, Nina! âš˜âš˜âš˜",Pretzel,Pretzel#0456
10/5/2022 1:17:10,Millie,"Thanks to you, I Went to my first anime convention (Otakuthon) which i am thankful for.",SlimeyFox,Slimeyfox#6300
10/5/2022 1:32:06,Nina,"HAPPY ONE YEAR! You have given me the courage to do more than I ever thought possible, and I can't thank you enough. Because of you, I am more confident than ever. It has been a pleasure to watch you grow this past year! Here's to many more!",Altair,capellaâœ§#0189
10/5/2022 1:36:45,Enna,"You really are something special, Enna. It inspires me to see how far you've come since debut, and how you come out of your shell a little more each stream. I really look up to you, and I can't wait to see how far you'll continue to go. Proud to be an aloupeep!",Altair,capellaâœ§#0189
10/5/2022 1:37:26,Enna,"Arrived for the cute model, stayed for the fun, wise and caring songbird that you are, I'm glad to have met not only you, but also so many incredible Aloupeeps. Here's to one amazing year, and let's have many more!",Hazel Sokolov,HazelSokolov#9318
10/5/2022 1:37:48,Millie,Being a Famellie since debut i so proud and wish the best annyversary ever to the best witch of calamity that always makes us laught being so creative and fun Millie Parfait! You one in a millon Millie! and we glad to have you in Nijisanji! Happy annyversary! ðŸ’›,As GastÃ³n Mauricio Aguilar but also saying i am known as Mauricio Aguilar just to make sure everyone knows is the same person ,MauricioAguilar#8269
10/5/2022 1:38:28,Millie,"Niji EN just wouldn't be the same without you, Millie. You are iconic in every way imaginable, and your streams always brighten my days. Even when I don't think I can smile anymore, you always find a way. Thank you for one whole year, and here's to many more!",Altair,capellaâœ§#0189
10/5/2022 1:40:49,Nina,The best fox mom in the world deserves the best annyversary ever for being not only a amaizing streamer and lovable person but making the honeys one of the most spoiled and happiest fans ever. Happy annyversary Nina! Proud to follow you since you debut! o7,As GastÃ³n Mauricio Aguilar but also saying i am known as Mauricio Aguilar just to make sure everyone knows is the same person ,Mauricio Aguilar #8269
10/5/2022 1:42:11,Reimu,"You never cease to amaze me, Reimu. Your talent shines so bright it's blinding, and you're drop-dead gorgeous. What I love most about you is your sense of humor and attitude! You deserve the stars and the moon, and I cant wait to watch you reach even higher.",Altair,capellaâœ§#0189
10/5/2022 1:44:34,Reimu,I wish the best annyversary ever in vtubermanity to our fav angry latina ghost Apex lover Reimu or how i love to call it Fantasmita. I always loved how you speak spanish so much as a spanish speaker myself. With you Streams always feel at home. Te queremos Reimu cuÃ­date! o7,As GastÃ³n Mauricio Aguilar but also saying i am known as Mauricio Aguilar just to make sure everyone knows is the same person ,Mauricio Aguilar #8269
10/5/2022 1:46:16,Enna,Happy 1 Year Enna!! Thank you so much for keeping us entertained this year. I know the next one will be great as well.,Explodicon,Explodicon#3725
10/5/2022 1:59:23,Enna,Congrats on making it to 1 Year!! Lets go for another one!!,Cheliax,Cheliax#1223
10/5/2022 2:08:36,Millie,"Thank you for all you've done for us in this whole time. Let's keep having fun together. 
Happy 1 year Millie! âœ¨ðŸ’›",Noir Zero,NoirZero#7783
10/5/2022 2:20:58,Enna,"Happy 1st year anniversary Enna! How time flies and there are so many amazing and fun moments to look back on this day. After experiencing many different communities over the years, I am happy to say that the one you fostered for your aloupeeps is among the most wholesome and supporting with many kind and talented individuals. I'm looking forward to many more years of fun and exciting memories with you and this community.",Amuro,Amuro#6610
10/5/2022 2:27:58,Millie,"I can't believe it's been 1 year already! I remember your debut as if it was yesterday, you were immediately my favorite! You've brought so much to Nijisanji, I love your creativeness, your streams are always bangers! Thank you for staying with us, Happy 1 year~ â¤",Miguel Macias,Mike6895#1981
10/5/2022 2:39:09,Millie,Oh Millie as you bring chaos and lewdness to the world you also give out love and friendship. I'm glad to have met you,Pekeet E.G,PokÃ©mon#3661
10/5/2022 3:09:39,Enna,"It's been a lot fun being an aloupeep. Thank you for being the way you are.
Happy 1 Year Enna! âœ¨ðŸ’œ",Noir Zero,NoirZero#7783
10/5/2022 5:08:01,Millie,"Congratulations to the half demon(cat?) half human witch on making it to 1 year together with the group Ethyria.
dâ€“(^ â€¿ ^ )z

You come so far and garnered quite a following of fans. Some may even call it a cult. â˜…~(â— â€¿â—•âœ¿)

I hope you and the are proud of to say that Ethyria has not been forgotten and still has a strong following even after a year.",Shadow Cortex,Shadow Cortex #2675
10/5/2022 5:31:56,Enna,Congrats on 1 year Enna!! Its amazing to see how much you have grown as a streamer. You were my first vtuber and my kami oshi. I can't wait to see how much you an Ethyria will grow from here on out!!!,spicytofu,spicygingertofu#6058
10/5/2022 7:52:52,Enna,"Enna â™¡, no words can express how grateful I am to watch you grow with Nijisanji. Seeing you work so hard to get where you are made me want to give my dreams another shot. Thank you for all the songs that got me through tough times and the stories that never fail to make me smile.",Noctilucent,lucentlamia#7363
10/5/2022 8:24:20,Enna,"Hi Enna! Congrats on the anniversary!! Your streams are a treasure, with you being the crown jewel of it all. Your quick witted responses never fail to make me laugh and the soft moments with chat are a favorite of mine. Keep being you, and congratulations!!",Rana,ã€ŒRanaã€#0154
10/5/2022 8:37:07,Nina,"Hello Mom! Happy first Anniversary with Etheria! I don't know how to express how happy I am to discoverd you and the girls, I only can say thank you! I hope you the best and many, many others years with Etheria and Nijisanji! Thank you Nina! Merci Nina!",Elwing,Go#3900
10/5/2022 8:40:49,Enna,"Hi Enna!! Happy Anniv Ethyria for 1 year!! Ethyria has been my favorite group in NIJI EN. and (personally) you're the one that i'd like to stick in to every stream. Your jokes, your shared thoughts, your topics to talk, and your stream atmosphere REALLY vibes w/ me a lot! I gotta say i learned a lot from your experiences. Hope to see you and Ethyria girls for many coming years!!",Keoss Livingstone,Sadaharu#9609
10/5/2022 9:53:45,Enna,"Congratulations to the most seiso(?) songbird on making it to 1 year without getting cancelled
á••( Ê˜ â–½ Ê˜ )á•—
Looking at Enna from a year ago, you can see the increase in confidence & how relaxed you are when streaming now. Some may even say too relaxed, with you occasionally sharing your bathroom habits
Anyway congratulations to Ethyria",Shadow Cortex,Shadow Cortex #2675
10/5/2022 10:09:30,Enna,"Enna thank you for being yourself and making us laugh almost everyday. I accidentally found you through pure coincidence, I had a surgery for my airways and I guess I suffered for a month or two. On a bad day because of trouble breathing and sleeping, I found a clip of you playing monopoly with the others and it made me laugh so hard I opened up new wounds lol. It was painful but worth it since it technically made my day and now I get to know more livers from Nijisanji. I'll keep this short and meaningful so please continue to do your best, rest if you need to, don't give in to hate and peer pressure, keep on making others laugh or smile and most importantly, have fun! (>v<)",Fredo,FredoBaggins#1545
10/5/2022 10:28:04,Millie,"Thank you Millie for you chaotic and I guess some wholesome streams. You never fail to use your creativity to make us laugh. I'll keep this short and simple so I wont waste your time and bore you with long messages.
Millie, thank you for your contagious laugh, your chaotic cooking streams, your Filipino streams even though I can't understand most but you accent is very funny, your ASMR streams that lets me have a good nights sleep, your sudden shenanigans like asking us if you have a woman's appeal and booba *Flushed* which just proves that you are just a gremlin lmao, your no filter mode, your interactions with us and most importantly, thank you for your hat millie. It is naturally your best point JK. Keep being yourself, rest if you need to and have fun. (p.s: My favourite thing about you is your contagious laugh)",Fredo,FredoBaggins#1545
10/5/2022 10:40:54,Enna,"One year... It's been a wonderful year. You've grown so much as a content creator, it really makes me proud. Please keep blessing us with your wonderful voice",Dippy,Dop#2343
10/5/2022 10:41:25,Millie,"You have creativity, dedication to the FaMillie, and a great laugh. Don't let anyone say otherwise.",PropaneCoke,PropaneCocaine#7438
10/5/2022 10:41:52,Reimu,"Thank you Reimu for your interactions with us and mainly your sass. You never fail to make others laugh and have fun and I'll keep this short so you wont get bored reading this. Reimu thank you for being in Nijisanji, your sass is a blessing. Keep being yourself, rest if you need to and have fun. (p.s: Reimu's back LET'S GOOOOO) JK (>v<)",Fredo,FredoBaggins#1545
10/5/2022 10:44:11,Nina,"Thank you Nina for always including other livers so more can get to know them like you morning talk with fox mom streams. I'll keep this short so you wont get bored reading this. Thank you Nina for your laughs, jokes, interactions and you stories. Keep on being yourself, rest if you need to and have fun. ",Fredo,FredoBaggins#1545
10/5/2022 11:52:04,Reimu,"Dear Reimu, I've been watching vtubers/streamers for several years now but I have only ever been a silent watcher. My studies and now job have always had this grip on my life. But then Ethyria debuted and the livers and the community was just so kind and welcoming that I ended up making new friends like I was in university again. I am glad I started talking more in chat and I hope you realise that this community you've nurtured is something you should be proud of. We love you so much Reimu and I pray only good things happen to you as the days go by. ",Sabrina,rore#3815
10/5/2022 11:54:07,Nina,"Happy 1 year anniversary Nina, it almost doesn't feel real does it? Throughout the past year you've: Cheated, lied, committed Cosco Identity fraud, laughed at my parents divorce (based tbh) gambled, played minecraft, and screamed a lot & Im glad I could be here for it all",Colesparks318 Keeper of the List,Colesparks318#9069
10/5/2022 12:03:52,Millie,"Millie, Happy 1Y Anniversary! Thank you for brightening up my day and so many other peopleâ€™s days. I know there have been many struggles along the way, but youâ€™re not alone. Keep going strong! Weâ€™ll be here for you always! Love you, our beloved calamity witch!",Jun,junbug#0914
10/5/2022 12:05:45,Enna,"Dear Enna my lovely songbird, the first time that i met you 1 year ago, i thought that i would spend my whole life just to love you. But days after days, i realised the best way to return the love that you gave us, was to spread happiness, to love others and appreciate this life. Thanks for loving us, and thanks for being here, being yourself.",MeowNya1712,MeowNya1712#0796
10/5/2022 12:10:11,Reimu,"Reimu, Happy 1Y Anniversary! Although I donâ€™t always have the time to watch your streams, you never fail to make me smile when I see clips or your posts on my timeline. Youâ€™re such a sweet girl, and I hope you stay happy for as long as the future holds.",Jun,junbug#0914
10/5/2022 12:29:12,Enna,"Happy first anniversary Enna~!! I'm a more recent Aloupeep that started following you more in recent times, but you've made my stressful busy weeks bearable and fun thanks to your streams, tweets, and you being just absolutely yourself. You're not afraid to be frank and honest, and your humor is one of the best things that I can vibe with. Watching so many clips and vods made me realize how much of an amazing, hilarious and talented person you are. Your singing blesses me and your drive to work hard for things inspires me to work hard with my own stuff. You and the Ethyria girls have made my days, especially you! Here's to another year with you, thank you songbirb. â™¡â™¡â™¡",frkshzooka (zooka),frkshzooka#2030
10/5/2022 13:55:26,Reimu,"Happy Anniversary Reimumu! Haven't been active for a while but still enjoy your contents and company. Have a wonderful day today!

-Reimu's Papi",Leoje,Leoje#7272
10/5/2022 14:00:10,Enna,Happy 1 year Enna! Ever since discovered you watching your streams have been the highlight of my day. Thanks for blessing us with your presence and heavenly voice. Looking forward to see more of your future activites!,Eszee/Suzuha,szh#2945
10/5/2022 14:35:14,Enna,"HI ENNA, Thank for make me happy and laugh. I like your singing so much. your life story also interesting too. I am glad that you and ethyria exist. I love you enna.",Karn ,POIIIII#8979
10/5/2022 14:41:25,Reimu,"HAPPY ONE YEAR REIMUMUUU ! I can believe it's already been one year... I still remenmber trying to not fall asleep for your debut LOL
I didn't forgot about you guys, and I'll make sure to not to ! ã“ã‚Œã‹ã‚‰ã‚‚ã‚ˆã‚ã—ããŠé¡˜ã„ã­ï¼",N.A.T.E.L.S,N.A.T.E.L.S#3893
10/5/2022 14:42:03,Millie,"Congratulations on your first year as a Nijisanji Liver Millie! You've brought so much laughter and love into my life for which I will forever be grateful. Here's hoping we've brought you some joy as well during the 1 year we've spent together, and here's to many more years with you!",Yes,pauline08#4470
10/5/2022 14:45:22,Reimu,"Happy anniversary Reimu!You have no idea how much you helped me grow as a person,a year ago I never imagined being surrounded by so many supportive friends,from the bottom of my heart,ty for being there for us and creating an amazing community,ty funny malding ghost lady<3",Zaraster,Zaraster#1291
10/5/2022 14:48:49,Millie,"HAPPY ONE YEAR MILLIE PARFAIT FROM NIJISANJI 4TH WAVE ETHYRIA!!!
Your  streams are always so creative and they do not miss make me laugh and smile ! Your laugh (and unhingedness for some reason LOL) is also really contagious ! Thank you  for being here, we love you ! ",N.A.T.E.L.S,N.A.T.E.L.S#3893
10/5/2022 14:52:55,Enna,"HAPPY ONE YEAR ENNER EARLWET !!
Your debut trailer voice didn't make us thought that you would be like that (in a good way) LOL
Your singing is always one of my favorites ever, your cover are all so good !
Thank you for being here, and I'm looking forward for the next !",N.A.T.E.L.S,N.A.T.E.L.S#3893
10/5/2022 14:58:47,Nina,"HAPPY ONE YEAR MOM !!!
It's already been one year since you became our virtual mom and I do not regret being your virtual son either AHAHAHA
Your streams are always a fun place to tune in ! Thank you for being here, and I'm looking forward for you to stay as our #1 mom !",N.A.T.E.L.S,N.A.T.E.L.S#3893
10/5/2022 16:26:05,Enna,"Congrats on reaching this important milestone Enna. Thank you for being the amazing person and artist you are. 
You are the center of a beautiful community and that's because all your work, an because that work Aloupeeps will keep supporting.
Happy 1st anniversary Enna!",Just Bitter,Just Bitter#8177
10/5/2022 16:47:22,Nina,"Hi Nina, a complete year has past and the only thing i have to say is thank you, thank you for being an amazing internet fox mom. All the energy and effort you've put in everything only makes us ant to support you even more.
This is only the beginning. Happy anniversary Mom!",Just Bitter,Just Bitter#8177
10/5/2022 16:54:09,Reimu,"MuchÃ­simas felicidades a la fantasma mÃ¡s hermosa y talentosa de todas! Muchas gracias Reimu por ser como eres, por la hermosa voz que siempre compartes con nosotros, por todo el trabajo y esfuerzo que haz mostrado, que nos hace amarte mÃ¡s y mÃ¡s.
Happy 1st anniversary Reimu!!",Just Bitter,Just Bitter#8177
10/5/2022 17:19:58,Millie,Thank you for being yourself and constantly bringing us cursed content!,ThaWeal,ThaWeal#1636
10/5/2022 17:20:07,Enna,"CONGRATS ON 1 YEAR!! Thank you so much for making so many amazing memories with us this past year! As an Aloupeep since day one, seeing how far you've come and how much you've grown really makes me happy. I hope I can witness you achieve even more in the next years!! Love you!!",Shonver,shonver#7244
10/5/2022 17:36:06,Enna,"Congrats on the one year Ethyria anniversary Enna, looking forward to the years ahead.
Meilleurs vÅ“ux ~ Nuit",Nuit,Nuit#6969
10/5/2022 18:10:14,Enna,"Enna, you are always so relatable, hilarious, and have such an amazing energy! Your singing is gorgeous (like you) and you deserve so much love! I'm so happy you came into my life, and happy 1 year anniversary with Ethyria!!",Sunny,rubysweetie#6094
10/5/2022 18:12:20,Millie,"Millie, thank you for always being you: nice, funny, cyute, talented (and so much more!!). You never fail to bring a smile to my face, and I'm so happy that I became a part of your FaMillie <3 Happy 1 year anniversary with Ethyria!",Sunny,rubysweetie#6094
10/5/2022 18:15:15,Nina,"Mommy Nina, you are one of my comfort streamers: you're one of the sweetest people I know and your words helped me get through tough moments. Thank you for being the amazing and gorgeous person you are, and I hope you have a wonderful 1 year anniversary celebration with Ethyria!",Sunny,rubysweetie#6094
10/5/2022 18:18:24,Reimu,"Reimu: you are so cool, talented, and pretty. You have an amazing and funny attitude and you're really strong. I wanted to say thanks for being you and I hope you have many more amazing moments in the future, along with Ethyria. Happy 1 year anniversary! â¤ï¸",Sunny,rubysweetie#6094
10/5/2022 19:23:18,Enna,Enna! Congrats on your first anniversary! Aloupeeps love you!,Aspen,âœ¿~flcwergazed~âœ¿#8796
10/5/2022 20:12:29,Nina,Thank you for continuing to be our wonderful ever more so unhinged no crime committing fox mom. Also for teaching me there's more than one way to pronounce my name and be correct. I love how extroverted you are because relatable and look forward to more streams!,Sweet Cerise,Sweet Cerise#1212
10/5/2022 20:41:19,Enna,Happy Anniversary to Ethyria!!! Sending many hugs your way~ ðŸ’œðŸ§¡ðŸ¤â¤ï¸,OrangeHenge,Heaven's Door#9916
10/5/2022 21:11:40,Enna,"Congrats on one year anniversary Enna!!
We all love you!!",OOGA BOOGA,OOGA BOOGA!#3416
10/5/2022 21:37:09,Millie,Happy 1-year anniversary! We appreciate all your hard work and creativity for your streams! also haha old,TheConnorOne,TheConnorOne#1006
10/5/2022 22:09:23,Enna,"Congrats on 1 year anniversary, Enna!! You have worked very hard all this time, so thank you for all the smiles, the ooga boogas, the real talk moments, the acid jokes, cooking streams and of course the awesome song/karaoke content!!
Here to many more milestones!!!",Danilovisk,Danilovisk#8070
10/5/2022 22:27:48,Enna,"Happy Anniversary! Here's to a year of having fun, sharing all sorts of experiences, and just stumbling through life in general! I love your humor and songs, and they make me super happy. Cheers to the next year, and I hope you can reach even more people and make them smile too!",Kosakyun,Kosakyun#0159
10/5/2022 22:53:08,Millie,Happy first anniversary! It has been a really fun year! There may be ups and downs this year but you did great and survived it! Looking forward to the new things you have stored for us! Thanks and may God bless you!,Letum Falx,Letum Falx#9826
10/5/2022 22:58:00,Enna,"Happy 1 Year Anniversary, Enna! You've come a long way, and it definitely shows. I've always loved you, your personality, and content and that will never change. If ever you change, better or worse. I'll still be there to support you. Looking forward to more of your streams!",Renju,Renju#7895
10/5/2022 23:43:07,Millie,"Hello Millie~! First of all.. Happy Anniversary! Thank you for being the one to introduce me to NIJI EN! Thank you for always being a bundle joy and an inspiration to all of us~ Watching you is always entertaining for me, no matter what you do~ It feels so surreal to have been watching Ethyria, NIJIEN, expecially you, for a year already~ Ethyria's anniversary feels like an anniversary for me being a NIJI EN fan too! So let's celebrate together! I hope all the best for you throughout your vtuber journey! Hoping that you can do all the things and goals you want to do as a vtuber and a NIJI EN liver! I will be supporting and loving you always~!! Congrats on 1 year again! Love youu~~",yes,DanielleAllysaSC#6294
10/5/2022 23:52:06,Millie,"Happy 1 year Millie! Thank you for all your hard work this year. Itâ€™s difficult to express my gratitude to you in so few words, but in short, thank you for all the joy and laughter youâ€™ve given me. I really needed it. I look forward to spending many more anniversaries with you <3",Koda,Berdboi#3309
10/5/2022 23:57:27,Reimu,"Congrats on making it to your 1 year anniversary Mumu! Thank you for all of your hard work this year! You were the one who introduced me to Nijisanji, and I canâ€™t thank you enough for that. Thank you for being you, my love. I look forward to spending many more years together <3",Koda,Berdboi#3309
10/5/2022 23:58:55,Enna,"Congrats on not graduating before your 1 year anniversary Enna! Iâ€™ve only been watching you for a few months, but you have filled these months with so much love, joy, and comfort, and I canâ€™t thank you enough for that. I look forward to spending many more years together <3",Koda,Berdboi#3309
10/6/2022 0:01:31,Nina,Congrats on 1 year Ninaur! I've only known you for a short time but your streams are always super comfy to listen to. Thank you for the moments of reprieve that you give. I look forward to spending many more anniversaries together <3,Koda,Berdboi#3309
10/6/2022 0:35:44,Millie,"i don't know what to say but i just want to let you know that you always make me happy everyday, i love your laugh, your angelic voice, everything. i don't know art block since the day i've met you, i always draw you everyday in my free time. you're also the reason why i've met so many good friends in each side of the world, the FaMillies. i always look forward to wake up everyday just to open twitter and see your tweets. i'm really happy that i've met you, me and also the FaMillies love you so much. thank you for being the reason why im still here, breathing and laughing with everyone while we watch your streams. i will support and love you always no matter what you do. Thank you Millieâ™¡â (â >â Â â à¨Šâ Â â <â )â â™¡",Mishi,Mishiç¾Žè©©#9479